{
  "source_mesh": "mesh.ply",
  "generated_at": "2026-04-09T09:30:54.440848-04:00",
  "bins": [
    {
      "id": 0,
      "min_x": 537.341,
      "max_x": 967.341,
      "min_y": 285.642,
      "max_y": 1570.642,
      "center": {
        "X": 752.341,
        "Y": 928.142,
        "Z": 189.75666114340007
      }
    },
    {
      "id": 1,
      "min_x": 952.341,
      "max_x": 1002.341,
      "min_y": 560.642,
      "max_y": 1200.642,
      "center": {
        "X": 977.341,
        "Y": 880.642,
        "Z": 227.5886297183493
      }
    }
  ]
}